Code,DeerYear,Sex,BirthWt,MumCode,MotherStatus,MumAge,ObsYear,Age,LeftSpike,RightSpike,AvgSpike
ZAN99,1999,2,4.710000191,ALD91,Milk,8,2000,1,1,1,1
ETN97,1997,2,6.979999809,ALD94,Naïve,3,1998,1,1,1,1
ETN01,2001,2,6.56,ALD94,Milk,7,2002,1,6,6,6
ETN03,2003,2,8.479999809,ALD94,True yeld,9,2004,1,7,7,7
ARD02,2002,2,6.38,ALD98,Naïve,4,2003,1,6,6,6
CSK93,1993,2,6.620000191,ANK89,Naïve,4,1994,1,1,1,1
CSK95,1995,2,5.820000095,ANK89,Summer yeld,6,1996,1,4,4,4
CSK96,1996,2,8.179999619,ANK89,Milk,7,1997,1,1,1,1
FLG00,2000,2,6.2,ANK90,True yeld,10,2001,1,2,1,1.5
COO97,1997,2,6.675000095,ANK91,Winter yeld,6,1998,1,1,1,1
LIA20,2020,2,7.210000191,ARA09,True yeld,11,2021,1,3,3,3
NIA20,2020,2,6.040000095,ARE14,Milk,6,2021,1,0.5,0.5,0.5
ART00,2000,2,7.14,ARI96,Summer yeld,4,2001,1,1.5,1.5,1.5
AND02,2002,2,6.519999809,ARI99,Naïve,3,2003,1,2,2,2
APN87,1987,2,5.974999809,ASP78,True yeld,9,1988,1,0,0,0
CEL97,1997,2,9.219999619,AST90,True yeld,7,1998,1,4,4,4
ARI91,1991,2,7.319999619,ATH87,Naïve,4,1992,1,1.5,1,1.25
ARI93,1993,2,7.825000095,ATH87,True yeld,6,1994,1,1,1,1
PRS93,1993,2,6.159999809,ATH89,Naïve,4,1994,1,2,2,2
PRS95,1995,2,7.28,ATH89,True yeld,6,1996,1,4.5,7.5,6
STI95,1995,2,5.859999905,AVO89,Milk,6,1996,1,5.5,5.5,5.5
STI98,1998,2,6.220000095,AVO89,True yeld,9,1999,1,0.5,0.5,0.5
STI99,1999,2,6.360000095,AVO89,Milk,10,2000,1,8,7.5,7.75
GOD95,1995,2,6.760000191,AVO90,Milk,5,1996,1,1,1,1
GOD96,1996,2,7.119999809,AVO90,Milk,6,1997,1,1,1,1
IRI13,2013,2,6.220000191,AYE09,Naïve,4,2014,1,4,4,4
IRI18,2018,2,8.425,AYE09,True yeld,9,2019,1,3,3,3
IRI20,2020,2,8.339999809,AYE09,True yeld,11,2021,1,0.5,0.5,0.5
KOH20,2020,2,7.710000191,AYE10,True yeld,10,2021,1,1,1,1
PEN86,1986,2,6.139999809,BAR80,Winter yeld,6,1987,1,1.5,2,1.75
OAT89,1989,2,7.775,BAR83,True yeld,6,1990,1,1.5,1.5,1.5
LAC02,2002,2,7.880000381,BCL95,True yeld,7,2003,1,1,1.5,1.25
RIB02,2002,2,6.440000191,BCL96,True yeld,6,2003,1,2.5,3.5,3
MAA20,2020,2,7.220000191,BED15,Summer yeld,5,2021,1,0.5,0.5,0.5
MAA21,2021,2,6.554999905,BED15,Milk,6,2022,1,6,6,6
MLN02,2002,2,7.839999809,BEE93,True yeld,9,2003,1,2.5,2.5,2.5
MLN07,2007,2,8.28,BEE93,True yeld,14,2008,1,2,2,2
JUN77,1977,2,4.84,BET73,Naïve,4,1978,1,2,2.5,2.25
JUN78,1978,2,7.119999809,BET73,Milk,5,1979,1,2,1,1.5
MOZ03,2003,2,8.98,BIE97,Milk,6,2004,1,0.5,0.5,0.5
MOZ05,2005,2,7.48,BIE97,True yeld,8,2006,1,4,4,4
CRA84,1984,2,8.440000191,BIG76,Winter yeld,8,1985,1,1,1,1
FRO95,1995,2,5.879999905,BIL84,Summer yeld,11,1996,1,0,0,0
BOM04,2004,2,7.119999809,BIT01,Naïve,3,2005,1,1.5,1.5,1.5
BOM06,2006,2,8.030000191,BIT01,True yeld,5,2007,1,5,5,5
BOM07,2007,2,7.360000095,BIT01,Milk,6,2008,1,1,1,1
KIW79,1979,2,5.040000095,BLO75,Naïve,4,1980,1,0,0,0
KIW85,1985,2,6.580000191,BLO75,Milk,10,1986,1,0,0,0
KIW87,1987,2,6.479999809,BLO75,True yeld,12,1988,1,2.5,3,2.75
KIW89,1989,2,7.059999905,BLO75,True yeld,14,1990,1,3.5,4,3.75
BLO77,1977,2,5.979999905,BLOSS,True yeld,10,1978,1,3,4,3.5
BLO78,1978,2,7.41,BLOSS,Milk,11,1979,1,1.5,1.5,1.5
BET75,1975,2,8.56,BLT68,Summer yeld,7,1976,1,4,4.5,4.25
BET76,1976,2,7.220000191,BLT68,Milk,8,1977,1,1.5,1.5,1.5
BET78,1978,2,7.120000191,BLT68,True yeld,10,1979,1,1,1,1
CHE77,1977,2,5.319999809,BLT69,Milk,8,1978,1,0,0,0
BLT76,1976,2,6.820000095,BLTLE,Milk,15,1977,1,2,2,2
TBS10,2010,2,6.795000095,BNS07,Naïve,3,2011,1,5,5,5
JAE05,2005,2,8.119999809,BNX95,True yeld,10,2006,1,1,1.5,1.25
GTO20,2020,2,6.810000095,BOO15,Naïve,5,2021,1,4,5,4.5
QUA87,1987,2,5.210000191,BR274,Summer yeld,13,1988,1,0,0,0
BRC76,1976,2,8.599999619,BRA72,Naïve,4,1977,1,1,1,1
BRC78,1978,2,8.240000381,BRA72,True yeld,6,1979,1,0,0,0
TWI82,1982,2,7.109999809,BRA79,Naïve,3,1983,1,2,2,2
JUG85,1985,2,7.91,BRF79,Milk,6,1986,1,1.5,1.5,1.5
TAL72,1972,2,5.310000095,BRO66,Milk,6,1973,1,3,3,3
TAL75,1975,2,2.519999905,BRO66,Summer yeld,9,1976,1,2.5,2.5,2.5
TAL77,1977,2,5.874999905,BRO66,Summer yeld,11,1978,1,0,0,0
BRO71,1971,2,5.179999809,BROWH,Milk,12,1972,1,0,0,0
CIN80,1980,2,7.940000191,BST73,True yeld,7,1981,1,0.5,0.5,0.5
FIR75,1975,2,5.049999809,BUL70,Summer yeld,5,1976,1,0,0,0
FIR77,1977,2,6.925,BUL70,Summer yeld,7,1978,1,0,0,0
KIL76,1976,2,7.519999809,BUL71,Winter yeld,5,1977,1,0,0,0
KIL77,1977,2,6.619999809,BUL71,Milk,6,1978,1,0,0,0
KIL79,1979,2,6.91,BUL71,Milk,8,1980,1,0,0,0
BUC87,1987,2,9.14,BUL73,Milk,14,1988,1,0,0,0
VNS09,2009,2,5.940000381,BUT02,True yeld,7,2010,1,2,2,2
FRT02,2002,2,6.300000381,BUT96,True yeld,6,2003,1,1,1,1
FRT05,2005,2,7.099999619,BUT96,True yeld,9,2006,1,1.5,2,1.75
OVA98,1998,2,6.96,CAF93,Milk,5,1999,1,4,3,3.5
CPP99,1999,2,6.609999809,CAF96,Naïve,3,2000,1,2,2,2
CAI70,1970,2,5.019999809,CAILL,Winter yeld,12,1971,1,7.5,7.5,7.5
CAI71,1971,2,5.220000095,CAILL,Milk,13,1972,1,5,5,5
CAI72,1972,2,6.220000095,CAILL,Milk,14,1973,1,6,6,6
CAI74,1974,2,5.979999905,CAILL,Summer yeld,16,1975,1,0.25,0.25,0.25
PAP94,1994,2,8.480000381,CAL82,True yeld,12,1995,1,5,1,3
TOU87,1987,2,6.120000191,CAN82,Naïve,5,1988,1,1.5,1.5,1.5
WOD90,1990,2,9.4,CAP84,True yeld,6,1991,1,1,1,1
WOD95,1995,2,3.974999809,CAP84,Milk,11,1996,1,1.5,1.5,1.5
WOD96,1996,2,5.740000191,CAP84,Milk,12,1997,1,3,2,2.5
BCA21,2021,2,4.540000095,CBS09,Milk,12,2022,1,2,3,2.5
CBH11,2011,2,8.679999619,CCK07,Naïve,4,2012,1,2,2,2
CBH15,2015,2,8.124999809,CCK07,True yeld,8,2016,1,4,4,4
CBH18,2018,2,8.440000191,CCK07,True yeld,11,2019,1,2,2,2
CLT95,1995,2,6.839999809,CCO87,Winter yeld,8,1996,1,1,1,1
LCH04,2004,2,5.844999905,CED00,Naïve,4,2005,1,3.5,3.5,3.5
GKG09,2009,2,9.95,CED04,True yeld,5,2010,1,1.5,1.5,1.5
BOE21,2021,2,5.94,CES17,Milk,4,2022,1,2.5,2.5,2.5
HOO07,2007,2,7.554999905,CGH00,True yeld,7,2008,1,1,1,1
JAY03,2003,2,7.440000191,CGH95,True yeld,8,2004,1,2,2,2
GGZ19,2019,2,8.74,CHD10,True yeld,9,2020,1,5,5,5
ILE90,1990,2,10.22000019,CHE80,Winter yeld,10,1991,1,2,4,3
MNM15,2015,2,,CHN03,Milk,12,2016,1,4,4,4
BMA11,2011,2,,CHN06,Summer yeld,5,2012,1,1,1,1
BMA13,2013,2,,CHN06,Milk,7,2014,1,6,5,5.5
BMA17,2017,2,,CHN06,Milk,11,2018,1,3,3,3
SEP77,1977,2,5.624999809,CHO73,Naïve,4,1978,1,4,1,2.5
SEP78,1978,2,6.14,CHO73,Milk,5,1979,1,2,1,1.5
SEP83,1983,2,6.85,CHO73,Summer yeld,10,1984,1,2,2,2
CHO72,1972,2,5.540000095,CHOCH,Summer yeld,8,1973,1,7,7,7
CHO76,1976,2,7.040000095,CHOCH,Milk,12,1977,1,0,0,0
CHO77,1977,2,4.959999809,CHOCH,Milk,13,1978,1,0,0,0
BIS84,1984,2,7.260000191,CIN76,Summer yeld,8,1985,1,2.75,3.5,3.125
HES79,1979,2,5.799999905,CLC75,Naïve,4,1980,1,2,2,2
CRY90,1990,2,9.76,CLC79,True yeld,11,1991,1,6,7,6.5
OCC90,1990,2,7.82,CLC80,Milk,10,1991,1,10,10,10
CUK88,1988,2,6.580000381,CLC82,Milk,6,1989,1,2,2,2
CLM84,1984,2,7.679999619,CLE74,True yeld,10,1985,1,0.5,0.5,0.5
TIT79,1979,2,5.860000191,CLE75,Naïve,4,1980,1,1,0.5,0.75
CRE80,1980,2,6.040000095,CLE76,Naïve,4,1981,1,2,2,2
CLE72,1972,2,5.7,CLEOP,Summer yeld,8,1973,1,1.5,0,0.75
RDD12,2012,2,8.06,CLK04,True yeld,8,2013,1,6,7,6.5
RDD13,2013,2,6.280000095,CLK04,Milk,9,2014,1,2,2,2
RDD19,2019,2,5.720000095,CLK04,Milk,15,2020,1,1,1,1
RDD21,2021,2,8.179999619,CLK04,Summer yeld,17,2022,1,2,2,2
SAT87,1987,2,6.680000095,CLM82,Summer yeld,5,1988,1,2,2,2
TIC03,2003,2,6.419999905,CLO96,True yeld,7,2004,1,1,1,1
CMR02,2002,2,6.580000381,CLT97,Summer yeld,5,2003,1,4,5,4.5
CFU84,1984,2,7.91,CMO77,True yeld,7,1985,1,5,5,5
CFU85,1985,2,7.255000191,CMO77,Milk,8,1986,1,0,0,0
CFU87,1987,2,7.839999809,CMO77,True yeld,10,1988,1,1.5,1.5,1.5
LAM84,1984,2,7.259999809,CMO78,Milk,6,1985,1,2,2,2
LAM86,1986,2,7.42,CMO78,True yeld,8,1987,1,1,1,1
EMB10,2010,2,6.440000191,CND04,True yeld,6,2011,1,1,1,1
EMB14,2014,2,6.720000095,CND04,Winter yeld,10,2015,1,1,2,1.5
PSS10,2010,2,5.479999809,CND06,Naïve,4,2011,1,1,1,1
PSS12,2012,2,6.979999809,CND06,True yeld,6,2013,1,9,9,9
PSS16,2016,2,6.919999905,CND06,Milk,10,2017,1,0.5,0.5,0.5
SHO19,2019,2,8.225000191,CND12,True yeld,7,2020,1,3,3,3
AQU89,1989,2,8.12,COB80,True yeld,9,1990,1,1.75,1.75,1.75
ARB06,2006,2,6.580000191,COF01,True yeld,5,2007,1,6,7,6.5
CLC77,1977,2,6.419999905,COL72,Summer yeld,5,1978,1,1,1,1
CLC83,1983,2,5.040000095,COL72,Milk,11,1984,1,3,3,3
COB77,1977,2,6.220000191,COL74,Naïve,3,1978,1,2,4,3
FAN85,1985,2,6.739999905,COL80,True yeld,5,1986,1,0,0,0
COL76,1976,2,7.120000191,COLLE,Milk,7,1977,1,0,0,0
NIC83,1983,2,7.340000381,COT79,Naïve,4,1984,1,0.5,0,0.25
PAR83,1983,2,4.64,COW79,Naïve,4,1984,1,0,0,0
DEC81,1981,2,8.42,COY75,True yeld,6,1982,1,1,1,1
COY72,1972,2,8.719999619,COYHI,Milk,9,1973,1,0.5,0.5,0.5
COY76,1976,2,5.519999905,COYHI,Milk,13,1977,1,0,0,0
CAY03,2003,2,6.440000191,CPS97,Summer yeld,6,2004,1,8,7,7.5
CYP21,2021,2,6.82,CPY14,Milk,7,2022,1,2,2,2
WIS03,2003,2,7.619999809,CRB95,Milk,8,2004,1,2,2,2
CUM95,1995,2,6.180000191,CRC91,Naïve,4,1996,1,2,2,2
CUM00,2000,2,7.479999809,CRC91,True yeld,9,2001,1,3,1.5,2.25
SCT05,2005,2,6.879999905,CRM99,True yeld,6,2006,1,8,8,8
SCT07,2007,2,7.579999809,CRM99,True yeld,8,2008,1,1,3,2
CRT77,1977,2,6.665000191,CROTT,Milk,11,1978,1,0,0,0
LIC74,1974,2,6.554999905,CRT71,Naïve,3,1975,1,0,0,0
LIC76,1976,2,8.309999619,CRT71,True yeld,5,1977,1,0,0,0
MOS80,1980,2,7.210000191,CRT74,True yeld,6,1981,1,0.75,0.75,0.75
SAF82,1982,2,6.855000095,CRT76,True yeld,6,1983,1,1,1,1
SAF85,1985,2,7.019999809,CRT76,Milk,9,1986,1,2,2.5,2.25
ALO18,2018,2,6.195000191,CRX14,Naïve,4,2019,1,3,4,3.5
ZUC95,1995,2,5.119999809,CUC91,Naïve,4,1996,1,1,1,1
ZUC96,1996,2,5.62,CUC91,Milk,5,1997,1,4,4,4
ZUC98,1998,2,7.680000191,CUC91,True yeld,7,1999,1,2,2,2
WHA84,1984,2,7.374999809,CUR78,Milk,6,1985,1,1.75,1.25,1.5
CES20,2020,2,6.339999809,DAK12,Milk,8,2021,1,4,4,4
CES21,2021,2,7.520000381,DAK12,Milk,9,2022,1,13,13,13
MOU99,1999,2,7.64,DIC94,Naïve,5,2000,1,2,2,2
MOU00,2000,2,7.425,DIC94,Milk,6,2001,1,1,1,1
MOU02,2002,2,7.425,DIC94,Winter yeld,8,2003,1,2,2,2
MOU05,2005,2,8.824999619,DIC94,True yeld,11,2006,1,2.5,2.5,2.5
MOU06,2006,2,7.740000381,DIC94,Milk,12,2007,1,1,0.5,0.75
MOU08,2008,2,8.12,DIC94,Winter yeld,14,2009,1,1,1,1
MOU09,2009,2,7.46,DIC94,Milk,15,2010,1,5,4,4.5
WAL00,2000,2,5.725000191,DIC95,Winter yeld,5,2001,1,1,1,1
OXY01,2001,2,7.300000381,DOC96,Summer yeld,5,2002,1,1,1,1
OXY03,2003,2,8.219999619,DOC96,True yeld,7,2004,1,4,4,4
OXY08,2008,2,8.039999619,DOC96,True yeld,12,2009,1,0,0,0
OXY09,2009,2,6.680000095,DOC96,Milk,13,2010,1,1,1,1
LUZ82,1982,2,5.459999809,DOR78,Naïve,4,1983,1,1,0,0.5
DUI87,1987,2,6.839999809,DOR82,Summer yeld,5,1988,1,1.5,1.5,1.5
IVO96,1996,2,7.239999905,EBO90,True yeld,6,1997,1,1,1,1
SCP09,2009,2,7.059999905,EID03,True yeld,6,2010,1,0.5,0.5,0.5
SCP15,2015,2,,EID03,Winter yeld,12,2016,1,4,4,4
BRA76,1976,2,8.380000381,ELG68,True yeld,8,1977,1,0,0,0
FLM15,2015,2,7.130000095,EMB12,Naïve,3,2016,1,0.5,0.5,0.5
FLM16,2016,2,7.130000095,EMB12,Milk,4,2017,1,7,7,7
FLM18,2018,2,7.720000191,EMB12,True yeld,6,2019,1,1,1,1
RHA21,2021,2,4.540000095,EMU18,Naïve,3,2022,1,1,4,2.5
STE05,2005,2,7.239999905,FAL01,Naïve,4,2006,1,2,2,2
TNG94,1994,2,8.060000381,FAN88,True yeld,6,1995,1,8,8,8
TNG95,1995,2,4.549999809,FAN88,Milk,7,1996,1,1,1,1
TNG97,1997,2,4.895,FAN88,Milk,9,1998,1,1,1,1
GRA03,2003,2,7.009999905,FAN90,Milk,13,2004,1,0.5,0.5,0.5
UKL05,2005,2,6.179999809,FDL99,Summer yeld,6,2006,1,2,2,2
UKL09,2009,2,7.660000381,FDL99,Milk,10,2010,1,4,4,4
UKL14,2014,2,6.78,FDL99,Summer yeld,15,2015,1,0.25,1,0.625
BRF74,1974,2,8.92,FEE71,Naïve,3,1975,1,2,2,2
BRF76,1976,2,7.720000191,FEE71,True yeld,5,1977,1,0.5,0.5,0.5
BRF77,1977,2,9.500000191,FEE71,Milk,6,1978,1,0.25,1,0.625
FEE73,1973,2,6.400000095,FEEDE,Milk,7,1974,1,0,0,0
FIN95,1995,2,5.839999809,FEN89,Milk,6,1996,1,3,3,3
DIL02,2002,2,6.860000191,FEN90,Milk,12,2003,1,5,7,6
SWT12,2012,2,6.9,FRT06,Milk,6,2013,1,2,2,2
PPL14,2014,2,7.520000381,FRT07,True yeld,7,2015,1,5,6,5.5
GCE08,2008,2,8.78,FTH03,Summer yeld,5,2009,1,6,6,6
HOP12,2012,2,6.440000381,FTH08,Naïve,4,2013,1,1,1,1
SKU95,1995,2,6.48,FUL86,Winter yeld,9,1996,1,0,0,0
SKU97,1997,2,6.820000095,FUL86,Milk,11,1998,1,8,8,8
ALB95,1995,2,8.455,FUL87,Milk,8,1996,1,7.5,7.5,7.5
BNX96,1996,2,5.710000095,FUL89,Milk,7,1997,1,0,0,0
HIR99,1999,2,6.225000191,FUL93,Summer yeld,6,2000,1,0.5,0.5,0.5
AST95,1995,2,5.440000191,GAL85,Winter yeld,10,1996,1,2,2,2
SLO98,1998,2,6.64,GIN93,Naïve,5,1999,1,0.5,0.5,0.5
GL376,1976,2,6.940000191,GLA69,Milk,7,1977,1,1,1,1
GL377,1977,2,6.28,GLA69,Milk,8,1978,1,0,0,0
GL378,1978,2,7.675000095,GLA69,Milk,9,1979,1,9,9,9
CNT10,2010,2,5.429999809,GLI06,Naïve,4,2011,1,0.5,0.5,0.5
CLS16,2016,2,6.339999809,GLR13,Naïve,3,2017,1,1,1,1
CLS18,2018,2,7.620000191,GLR13,Milk,5,2019,1,2,2,2
TNQ12,2012,2,6.680000191,GNB07,Naïve,5,2013,1,7,7,7
BMY19,2019,2,7.594999809,GNB12,True yeld,7,2020,1,0.5,0.5,0.5
LMS01,2001,2,7.360000191,GOD94,Milk,7,2002,1,1,1,1
LMS03,2003,2,8.740000381,GOD94,True yeld,9,2004,1,6,6,6
RUF12,2012,2,6.080000191,GOD97,True yeld,15,2013,1,3,4,3.5
SCR01,2001,2,6.41,GRA93,Milk,8,2002,1,1.5,1.5,1.5
SCR03,2003,2,6.949999905,GRA93,True yeld,10,2004,1,0.5,0.5,0.5
RUB05,2005,2,6.660000381,GRA98,Summer yeld,7,2006,1,4,4,4
RUB09,2009,2,9.92,GRA98,True yeld,11,2010,1,1,1,1
TRA83,1983,2,4.939999905,GRC76,True yeld,7,1984,1,0,0,0
YHO72,1972,2,8.124999809,GRE68,Milk,4,1973,1,9,9,9
YHO75,1975,2,6.940000191,GRE68,Milk,7,1976,1,0,0,0
YHO76,1976,2,6.88,GRE68,Milk,8,1977,1,0,0,0
YHO79,1979,2,6.440000191,GRE68,Summer yeld,11,1980,1,0,0,0
GRC79,1979,2,3.78,GRE72,True yeld,7,1980,1,8,8,8
GRC84,1984,2,5.720000191,GRE72,Summer yeld,12,1985,1,2,2,2
SNI79,1979,2,5.220000095,GRE73,True yeld,6,1980,1,0.5,1,0.75
GRE74,1974,2,6.575000191,GREET,Milk,10,1975,1,0,0,0
HDX11,2011,2,6.14,GTR06,Naïve,5,2012,1,1,1,1
HDX13,2013,2,5.860000095,GTR06,True yeld,7,2014,1,2,2,2
BED12,2012,2,6.710000191,GYP07,Naïve,5,2013,1,1.5,0.5,1
JEE95,1995,2,6.164999905,HAL90,Summer yeld,5,1996,1,0,0,0
JEE00,2000,2,7.310000095,HAL90,Summer yeld,10,2001,1,0.5,1,0.75
JEE01,2001,2,6.839999809,HAL90,Milk,11,2002,1,1,1.5,1.25
JEE03,2003,2,6.620000191,HAL90,True yeld,13,2004,1,3,3,3
SPI01,2001,2,7.2,HAL94,Milk,7,2002,1,1,1,1
PIL98,1998,2,8.06,HER93,Milk,5,1999,1,2,2,2
DIC90,1990,2,7.920000381,HIC84,Milk,6,1991,1,2,2,2
DOC93,1993,2,8.46,HIC88,Summer yeld,5,1994,1,3.25,3.5,3.375
DOC95,1995,2,7.575000191,HIC88,Milk,7,1996,1,0,0,0
CLO95,1995,2,5.91,HIC89,Winter yeld,6,1996,1,2.5,2.5,2.5
BRY07,2007,2,6.429999809,HIR03,Summer yeld,4,2008,1,1,1,1
BRY09,2009,2,6.7,HIR03,True yeld,6,2010,1,1,1,1
BRY11,2011,2,5.639999809,HIR03,Milk,8,2012,1,3,4,3.5
BRY12,2012,2,7.039999905,HIR03,Milk,9,2013,1,1,1,1
BRY14,2014,2,6.049999809,HIR03,Winter yeld,11,2015,1,1,2,1.5
CDN15,2015,2,6.554999905,HOC07,Winter yeld,8,2016,1,3,4,3.5
FMR09,2009,2,7.710000191,HOL00,Winter yeld,9,2010,1,0.5,0.5,0.5
YEW03,2003,2,9.039999619,HOL94,True yeld,9,2004,1,1.5,1.5,1.5
GLI04,2004,2,6.979999905,HON00,Naïve,4,2005,1,8,8,8
ASB16,2016,2,6.130000095,HOO05,Winter yeld,11,2017,1,2,2,2
EGR93,1993,2,7.710000381,IBI84,True yeld,9,1994,1,1,1,1
HRM93,1993,2,8.7,INI86,Summer yeld,7,1994,1,1,2,1.5
HRM97,1997,2,7.14,INI86,Winter yeld,11,1998,1,3,3,3
ORY10,2010,2,5.840000095,JAE02,Summer yeld,8,2011,1,0.5,0.5,0.5
ORY12,2012,2,6.73,JAE02,True yeld,10,2013,1,0.25,0.25,0.25
HAN20,2020,2,7.895,JAE08,True yeld,12,2021,1,2,2,2
TUS97,1997,2,7.459999619,JUG91,Milk,6,1998,1,3,3,3
TUS99,1999,2,7.660000381,JUG91,True yeld,8,2000,1,4.5,4.5,4.5
GIN89,1989,2,5.479999809,JUN85,Naïve,4,1990,1,1,1,1
GIN95,1995,2,6.120000191,JUN85,Winter yeld,10,1996,1,1,1,1
GIN96,1996,2,7.680000191,JUN85,Milk,11,1997,1,1,1,1
ANK87,1987,2,6.140000191,KIL82,Winter yeld,5,1988,1,1.75,1.75,1.75
LAR05,2005,2,,KIT95,Summer yeld,10,2006,1,1.5,1.5,1.5
RUI10,2010,2,5.399999809,KLD05,Milk,5,2011,1,1,1,1
CCO91,1991,2,5.720000191,LAM83,Milk,8,1992,1,1,1,1
CCO95,1995,2,6.379999905,LAM83,Milk,12,1996,1,2,3,2.5
HAZ10,2010,2,5.960000095,LCH06,Naïve,4,2011,1,0.5,0.5,0.5
HAZ12,2012,2,8.48,LCH06,True yeld,6,2013,1,3,3,3
ING17,2017,2,7.775,LEI12,Summer yeld,5,2018,1,4,4,4
ELK19,2019,2,7.609999809,LEI13,Milk,6,2020,1,2,2,2
ELK20,2020,2,7.080000191,LEI13,Milk,7,2021,1,0.25,0.25,0.25
PID94,1994,2,7.295000095,LIM85,True yeld,9,1995,1,4,4,4
LIT74,1974,2,6.96,LITLH,Milk,7,1975,1,0,0,0
LIT76,1976,2,6.440000191,LITLH,Milk,9,1977,1,0.5,0.5,0.5
TTL06,2006,2,7.825000095,LMS00,True yeld,6,2007,1,6,7,6.5
TTL08,2008,2,6.860000191,LMS00,True yeld,8,2009,1,2,2,2
CRX12,2012,2,8.129999619,LMS06,True yeld,6,2013,1,5,4,4.5
LPA03,2003,2,7.580000191,LMS97,Milk,6,2004,1,1.5,1.5,1.5
SCA95,1995,2,7.56,LOB86,True yeld,9,1996,1,0,0,0
GLR05,2005,2,6.879999905,LPA02,Naïve,3,2006,1,2,2,2
GLR07,2007,2,8.180000191,LPA02,True yeld,5,2008,1,0.5,0.5,0.5
GLR09,2009,2,7.920000381,LPA02,Winter yeld,7,2010,1,7,6,6.5
GLR12,2012,2,6.540000095,LPA02,Milk,10,2013,1,2,1,1.5
WAG02,2002,2,7.180000095,LPW91,Winter yeld,11,2003,1,5,4,4.5
DOT97,1997,2,5.540000095,LPW93,Naïve,4,1998,1,1,1,1
LTF75,1975,2,5.860000191,LTFLH,Milk,8,1976,1,0.5,0.5,0.5
LYR14,2014,2,7.660000381,LUT08,True yeld,6,2015,1,4,5,4.5
EID01,2001,2,7.98,MAL93,True yeld,8,2002,1,1,1,1
MRY02,2002,2,7.76,MAR93,True yeld,9,2003,1,0.5,0.5,0.5
FUL90,1990,2,6.874999905,MAW79,Milk,11,1991,1,0.5,0.5,0.5
BAU18,2018,2,5.979999809,MCD12,Winter yeld,6,2019,1,1,1,1
XIN16,2016,2,7.325000095,MCU12,Naïve,4,2017,1,4,4,4
QIN21,2021,2,5.739999905,MCU17,Milk,4,2022,1,3,3,3
USS14,2014,2,7.130000095,MEE05,True yeld,9,2015,1,1.5,2,1.75
EKA15,2015,2,6.539999905,MEE11,Naïve,4,2016,1,0.5,0.5,0.5
MDD15,2015,2,6.8,MEG06,True yeld,9,2016,1,2,0,1
SIE80,1980,2,6.540000095,MEL75,Summer yeld,5,1981,1,0.5,0.5,0.5
BST75,1975,2,6.509999905,MHO67,Milk,8,1976,1,0,0,0
CMT06,2006,2,,MLN00,Summer yeld,6,2007,1,3.5,3.5,3.5
BSY02,2002,2,6.919999905,MLN97,Naïve,5,2003,1,1,1,1
BSY06,2006,2,7.78,MLN97,True yeld,9,2007,1,2,1.5,1.75
WSD11,2011,2,,MLR96,True yeld,15,2012,1,3,2,2.5
MCU21,2021,2,9.039999619,MNG09,Summer yeld,12,2022,1,2,2,2
CAM11,2011,2,8.339999809,MNM07,Naïve,4,2012,1,2,2,2
CAM13,2013,2,7.159999809,MNM07,Milk,6,2014,1,6,6,6
TSU07,2007,2,6.739999905,MNS03,Naïve,4,2008,1,1,1,1
PTL93,1993,2,4.78,MNX89,Naïve,4,1994,1,0,0,0
PTL95,1995,2,4.474999809,MNX89,Winter yeld,6,1996,1,0,0,0
STR97,1997,2,7.959999619,MNX90,Milk,7,1998,1,2,2,2
CRB90,1990,2,7.120000191,MOC84,True yeld,6,1991,1,1,1,1
FOL75,1975,2,5.870000095,MOD72,Naïve,3,1976,1,1,1,1
FOL81,1981,2,7.955,MOD72,Summer yeld,9,1982,1,2,3,2.5
FOL84,1984,2,7.399999809,MOD72,Milk,12,1985,1,4.5,4,4.25
MOL79,1979,2,6.91,MOM65,True yeld,14,1980,1,0,0,0
MAG72,1972,2,4.310000095,MOM67,Winter yeld,5,1973,1,0.25,0.5,0.375
MOM69,1969,2,7.119999809,MOMHI,Milk,8,1970,1,0,0,0
RHY82,1982,2,7.339999809,MOS78,Naïve,4,1983,1,1,2,1.5
RHY84,1984,2,7.35,MOS78,True yeld,6,1985,1,0.5,1,0.75
RHY90,1990,2,7.980000381,MOS78,True yeld,12,1991,1,1,1,1
PEL89,1989,2,6.28,MOS83,True yeld,6,1990,1,1,1,1
CPY09,2009,2,7.78,MOU03,Winter yeld,6,2010,1,4,4,4
LEN83,1983,2,7.660000381,MOY73,True yeld,10,1984,1,1,1,1
MOO86,1986,2,5.740000191,MOY82,Naïve,4,1987,1,8,8,8
MOO91,1991,2,6.379999905,MOY82,Winter yeld,9,1992,1,1.5,3,2.25
DAI10,2010,2,4.940000191,MRG03,True yeld,7,2011,1,0.5,0.5,0.5
DAI12,2012,2,7.539999809,MRG03,True yeld,9,2013,1,1,2,1.5
RAS15,2015,2,6.024999905,MTT08,Milk,7,2016,1,1,1,1
KLP16,2016,2,7.240000191,MTT10,True yeld,6,2017,1,5,5,5
KLP20,2020,2,7.609999809,MTT10,True yeld,10,2021,1,1,1,1
BRG90,1990,2,8.019999809,MUR85,Winter yeld,5,1991,1,4,4,4
BRG92,1992,2,7.899999809,MUR85,True yeld,7,1993,1,0,0,0
BRG95,1995,2,5.46,MUR85,Milk,10,1996,1,0,0,0
BRG96,1996,2,7.500000191,MUR85,Milk,11,1997,1,0,0,0
PEP86,1986,2,6.23,MUS81,Milk,5,1987,1,0.5,0.75,0.625
PEP95,1995,2,5.580000191,MUS81,Winter yeld,14,1996,1,0,0,0
VIN88,1988,2,6.979999809,MUS84,Naïve,4,1989,1,8,8,8
VIN99,1999,2,7.360000191,MUS84,True yeld,15,2000,1,2.5,2.5,2.5
PIC90,1990,2,7.32,MUS85,Summer yeld,5,1991,1,2,2,2
PIC93,1993,2,7.310000095,MUS85,True yeld,8,1994,1,1,1,1
PIC94,1994,2,8.109999809,MUS85,Milk,9,1995,1,6,6,6
PIC96,1996,2,9.42,MUS85,True yeld,11,1997,1,2,2,2
MYR76,1976,2,7.679999619,MYRTL,True yeld,9,1977,1,0,0,0
NAI95,1995,2,5.28,NAK89,Milk,6,1996,1,2,2,2
NON84,1984,2,5.100000095,NOB76,Summer yeld,8,1985,1,1,1,1
SKI97,1997,2,5.940000191,OAT90,True yeld,7,1998,1,1,1,1
ALC91,1991,2,7.84,OCC85,True yeld,6,1992,1,0,0,0
TRT95,1995,2,5.275,OCH90,Winter yeld,5,1996,1,0,0,0
TRT02,2002,2,7.519999809,OCH90,True yeld,12,2003,1,2.5,1,1.75
CRM07,2007,2,7.440000381,OCH96,True yeld,11,2008,1,0.5,0.5,0.5
AME18,2018,2,5.739999905,OPA08,True yeld,10,2019,1,0.5,0.5,0.5
PRT97,1997,2,5.295000095,ORP92,Milk,5,1998,1,1,1,1
OTC75,1975,2,6.310000095,OTA72,Naïve,3,1976,1,4,4,4
OTC76,1976,2,7.14,OTA72,Milk,4,1977,1,2,2,2
PRK83,1983,2,6.899999809,OTA78,Naïve,5,1984,1,1,1,1
TIG86,1986,2,7.239999905,OTA80,Summer yeld,6,1987,1,2.5,2,2.25
TIG89,1989,2,6.119999809,OTA80,True yeld,9,1990,1,7,5.5,6.25
TIG93,1993,2,8.22,OTA80,Summer yeld,13,1994,1,3,3,3
OTA74,1974,2,10.17999962,OTAGG,True yeld,8,1975,1,2,2,2
OTA75,1975,2,8.294999619,OTAGG,Milk,9,1976,1,1.5,1.5,1.5
OTA76,1976,2,9.28,OTAGG,Milk,10,1977,1,2,2,2
OTA77,1977,2,7.34,OTAGG,Milk,11,1978,1,0,0.5,0.25
OTA81,1981,2,7.489999809,OTAGG,Milk,15,1982,1,0,0,0
PRN98,1998,2,4.879999905,OXA95,Naïve,3,1999,1,3,2,2.5
PRN99,1999,2,7.449999905,OXA95,Milk,4,2000,1,12,12,12
PRN01,2001,2,7.32,OXA95,True yeld,6,2002,1,5,1,3
WDY02,2002,2,7.500000191,OXA99,Naïve,3,2003,1,1,1,1
RHE09,2009,2,5.639999809,OXY05,Naïve,4,2010,1,1,0.5,0.75
SLL06,2006,2,6.530000191,PAN00,True yeld,6,2007,1,2,2,2
CCH10,2010,2,5.855000095,PAN06,Naïve,4,2011,1,1,1,1
CCH15,2015,2,6.494999905,PAN06,Milk,9,2016,1,4,3.5,3.75
ARE16,2016,2,5.100000095,PCN10,True yeld,6,2017,1,0.5,0.5,0.5
FRA94,1994,2,7.44,PEN90,Naïve,4,1995,1,2,2,2
FRA95,1995,2,6.639999809,PEN90,Milk,5,1996,1,0.125,0,0.0625
FRA96,1996,2,8.079999809,PEN90,Milk,6,1997,1,2,2,2
FRA98,1998,2,8.809999619,PEN90,True yeld,8,1999,1,2,2,2
PPK96,1996,2,5.78,PEP90,True yeld,6,1997,1,5,5,5
CHL96,1996,2,4.82,PEP91,Naïve,5,1997,1,0.5,0.5,0.5
SYC94,1994,2,5.624999809,PET87,Summer yeld,7,1995,1,1,1,1
SYC96,1996,2,6.119999809,PET87,Summer yeld,9,1997,1,8,8,8
SYC97,1997,2,5.419999905,PET87,Milk,10,1998,1,1,1,1
SYC98,1998,2,6.44,PET87,Milk,11,1999,1,5,5.5,5.25
SYC00,2000,2,5.1,PET87,True yeld,13,2001,1,0.5,0.5,0.5
SYC02,2002,2,5.839999809,PET87,True yeld,15,2003,1,8,8,8
PRI80,1980,2,8.495000381,PGB74,Milk,6,1981,1,1.5,1.5,1.5
PRI82,1982,2,7.520000381,PGB74,Summer yeld,8,1983,1,4,4,4
PRI85,1985,2,7.640000191,PGB74,Summer yeld,11,1986,1,2,2,2
PRI86,1986,2,10.11999981,PGB74,Milk,12,1987,1,0,0,0
COW80,1980,2,8.114999619,PGB75,Milk,5,1981,1,7,4.5,5.75
DIT91,1991,2,7.660000381,PIB83,Summer yeld,8,1992,1,0,0,0
CHU95,1995,2,8.260000191,PIC91,Naïve,4,1996,1,2,2,2
PCL04,2004,2,7.780000095,PIC98,True yeld,6,2005,1,1.5,2,1.75
PCL06,2006,2,7.659999809,PIC98,True yeld,8,2007,1,4.5,3.5,4
PHL94,1994,2,5.725000191,PID89,Naïve,5,1995,1,6,6,6
PAN03,2003,2,6.940000191,PID95,Summer yeld,8,2004,1,0.5,0.5,0.5
PAN05,2005,2,6.169999809,PID95,Winter yeld,10,2006,1,1,1,1
HIA03,2003,2,6.355000095,PID97,True yeld,6,2004,1,5.5,4,4.75
HIA08,2008,2,5.23,PID97,Summer yeld,11,2009,1,2.5,2.5,2.5
FEA92,1992,2,7.239999905,PLO82,Winter yeld,10,1993,1,1,1,1
KAL21,2021,2,7.239999905,PLS18,Naïve,3,2022,1,5,5,5
GAL87,1987,2,7.659999809,POL77,Summer yeld,10,1988,1,1.5,2,1.75
POL84,1984,2,7.659999809,POLLU,True yeld,15,1985,1,0,0,0
CER08,2008,2,9.78,PRC02,Summer yeld,6,2009,1,5,6,5.5
MAJ16,2016,2,8.020000381,PRC06,True yeld,10,2017,1,2,2,2
MAJ18,2018,2,8.219999619,PRC06,True yeld,12,2019,1,7,7,7
MAJ20,2020,2,6.419999905,PRC06,Milk,14,2021,1,10,10,10
DRE12,2012,2,6.009999905,PRC09,Naïve,3,2013,1,5,6,5.5
DRE14,2014,2,6.96,PRC09,True yeld,5,2015,1,4,3,3.5
DRE15,2015,2,5.130000095,PRC09,Milk,6,2016,1,6,6,6
DRE17,2017,2,6.500000191,PRC09,Summer yeld,8,2018,1,2,2,2
KLN17,2017,2,7.959999619,PRC12,Milk,5,2018,1,1,1,1
ALL15,2015,2,4.929999809,PUF06,True yeld,9,2016,1,0.5,0.5,0.5
JMC18,2018,2,7.180000095,RAS13,Summer yeld,5,2019,1,3,2,2.5
JMC20,2020,2,8.109999809,RAS13,Summer yeld,7,2021,1,2,2,2
JMC21,2021,2,7.429999809,RAS13,Milk,8,2022,1,2,2,2
REG19,2019,2,6.624999809,RAS14,Naïve,5,2020,1,3,3,3
ONY11,2011,2,,RBY05,Summer yeld,6,2012,1,3,4,3.5
ONY12,2012,2,9.019999809,RBY05,Milk,7,2013,1,0.5,0.5,0.5
MUS79,1979,2,7.765000095,RED74,True yeld,5,1980,1,1,1,1
MUS83,1983,2,7.434999905,RED74,True yeld,9,1984,1,1,1,1
MUS87,1987,2,6.14,RED74,True yeld,13,1988,1,7,7,7
MUS89,1989,2,8.880000381,RED74,True yeld,15,1990,1,6,7,6.5
FEN86,1986,2,7.839999809,RED82,Naïve,4,1987,1,6,6,6
FEN91,1991,2,6.82,RED82,Milk,9,1992,1,5,5,5
RED72,1972,2,7.239999905,REDYE,Naïve,3,1973,1,11,11,11
RED75,1975,2,7.32,REDYE,Milk,6,1976,1,4,3,3.5
RED77,1977,2,6.91,REDYE,Summer yeld,8,1978,1,8,8,8
RED79,1979,2,8.109999809,REDYE,True yeld,10,1980,1,2,2,2
RED81,1981,2,7.819999619,REDYE,True yeld,12,1982,1,1,1.5,1.25
VER74,1974,2,7.455,RGR71,Naïve,3,1975,1,0.5,0.5,0.5
VER81,1981,2,9.395,RGR71,Milk,10,1982,1,0,0.25,0.125
VER84,1984,2,7.360000095,RGR71,Winter yeld,13,1985,1,0,0,0
RGR73,1973,2,8.380000381,RGRHI,Milk,7,1974,1,3,1.5,2.25
SUN96,1996,2,9.440000191,RHY86,True yeld,10,1997,1,2,1,1.5
SUN98,1998,2,8.580000191,RHY86,True yeld,12,1999,1,0.5,0.5,0.5
TAM94,1994,2,6.839999809,RHY88,Milk,6,1995,1,1,1,1
SPY13,2013,2,6.300000381,RPP08,Milk,5,2014,1,2,2,2
RTN76,1976,2,7.654999809,RTNIC,Summer yeld,13,1977,1,0.5,0.5,0.5
SAE21,2021,2,6.325000095,RUB12,True yeld,9,2022,1,4,4,4
RPP09,2009,2,7.339999809,RUF00,Milk,9,2010,1,0.25,0,0.125
EDD15,2015,2,6.1,RUF09,Milk,6,2016,1,2,3,2.5
EDD16,2016,2,5.839999809,RUF09,Milk,7,2017,1,8,8,8
OCH83,1983,2,6.420000095,SAF80,Naïve,3,1984,1,2,1.5,1.75
OCH92,1992,2,7.38,SAF80,True yeld,12,1993,1,2,4,3
SPL97,1997,2,6.84,SAM94,Naïve,3,1998,1,2,2,2
SPL06,2006,2,7.800000381,SAM94,True yeld,12,2007,1,0.5,0.5,0.5
PRL18,2018,2,5.739999905,SAP12,Milk,6,2019,1,7,7,7
PRL19,2019,2,7.680000191,SAP12,Milk,7,2020,1,10,10,10
PEC89,1989,2,8.420000381,SCO76,True yeld,13,1990,1,1,1,1
PEC90,1990,2,6.680000095,SCO76,Milk,14,1991,1,1,1,1
MIC11,2011,2,8.740000381,SCR04,Summer yeld,7,2012,1,1,1,1
TWE94,1994,2,5.67,SEP84,Milk,10,1995,1,1,1,1
SOX06,2006,2,4.479999809,SEQ01,True yeld,5,2007,1,1,1,1
NAV10,2010,2,5.679999905,SEQ05,Milk,5,2011,1,0.5,0.5,0.5
NAV11,2011,2,8.249999809,SEQ05,Milk,6,2012,1,2,2,2
NAV16,2016,2,6.839999809,SEQ05,Milk,11,2017,1,0.5,0.5,0.5
YOS03,2003,2,8.019999809,SEQ96,True yeld,7,2004,1,9,9,9
YOS05,2005,2,8.030000191,SEQ96,True yeld,9,2006,1,7,7,7
YOS07,2007,2,7.479999905,SEQ96,True yeld,11,2008,1,1,1,1
APA07,2007,2,6.120000191,SEQ99,True yeld,8,2008,1,3,2,2.5
APA12,2012,2,7.295000095,SEQ99,True yeld,13,2013,1,1,1,1
SEE95,1995,2,6.42,SES89,True yeld,6,1996,1,4,4,4
BGE20,2020,2,7.180000095,SHO16,Naïve,4,2021,1,2,2,2
MAL95,1995,2,5.680000095,SME84,True yeld,11,1996,1,0,0,0
GLE18,2018,2,6.64,SML13,True yeld,5,2019,1,3,3,3
PGB72,1972,2,7.679999619,SOB68,Summer yeld,4,1973,1,1,1,1
PGB81,1981,2,9.185,SOB68,Summer yeld,13,1982,1,1,1,1
SOB70,1970,2,6.42,SOBHR,Milk,9,1971,1,4,4,4
SOB73,1973,2,6.440000191,SOBHR,Milk,12,1974,1,1.5,2.25,1.875
SOB74,1974,2,6.080000191,SOBHR,Milk,13,1975,1,2,1,1.5
DAK15,2015,2,8.41,SOX08,Summer yeld,7,2016,1,4,4,4
WIC19,2019,2,7.880000381,SOX09,True yeld,10,2020,1,1,1,1
NEC02,2002,2,5.32,SPL98,Naïve,4,2003,1,1,1,1
NEC06,2006,2,6.48,SPL98,Milk,8,2007,1,3,3,3
OXA96,1996,2,7.120000191,SRL91,Milk,5,1997,1,0,0,0
OXA97,1997,2,7.940000191,SRL91,Milk,6,1998,1,2,2,2
NEB06,2006,2,5.265000095,STA97,True yeld,9,2007,1,1,1,1
DUB09,2009,2,5.899999809,STI02,Milk,7,2010,1,1,1,1
CLW00,2000,2,6.440000381,STI94,Winter yeld,6,2001,1,0.5,0.5,0.5
CLW06,2006,2,6.78,STI94,True yeld,12,2007,1,1.5,1.5,1.5
RUM03,2003,2,6.060000191,STI96,True yeld,7,2004,1,1,1,1
RBY06,2006,2,6.32,STO98,Milk,8,2007,1,0.5,0.5,0.5
RBY07,2007,2,5.925,STO98,Milk,9,2008,1,3,3,3
RBY12,2012,2,6.840000095,STO98,True yeld,14,2013,1,0.5,0.5,0.5
CCL07,2007,2,7.040000095,STR00,Summer yeld,7,2008,1,0,0,0
MNS06,2006,2,7.539999905,STR96,True yeld,10,2007,1,1.5,1,1.25
HON97,1997,2,5.879999905,SUN93,Naïve,4,1998,1,4,8,6
HON02,2002,2,6.300000381,SUN93,True yeld,9,2003,1,8,8,8
HON04,2004,2,7.425,SUN93,True yeld,11,2005,1,2,2,2
ALD93,1993,2,7.340000095,SUR87,True yeld,6,1994,1,1,1,1
ALD96,1996,2,7.419999905,SUR87,Milk,9,1997,1,8,8,8
ALD99,1999,2,7.225000191,SUR87,Milk,12,2000,1,9,8,8.5
HAW94,1994,2,7.260000191,SUR91,Naïve,3,1995,1,0,0,0
HAW96,1996,2,7.64,SUR91,True yeld,5,1997,1,6,6,6
HAW99,1999,2,10.48,SUR91,True yeld,8,2000,1,3,2,2.5
MNT03,2003,2,8.010000381,SUR95,True yeld,8,2004,1,2,2,2
ICE03,2003,2,7.239999905,SUR99,Naïve,4,2004,1,6,3,4.5
SWA98,1998,2,7.46,SWI88,True yeld,10,1999,1,6,6,6
VNT17,2017,2,7.810000095,SWT11,Summer yeld,6,2018,1,3,3,3
SEQ98,1998,2,9.459999809,SYC91,Summer yeld,7,1999,1,2,1,1.5
SEQ03,2003,2,7.760000191,SYC91,True yeld,12,2004,1,5,4,4.5
PIN74,1974,2,6.620000191,TAL70,Naïve,4,1975,1,5,5,5
PIN78,1978,2,6.329999905,TAL70,Summer yeld,8,1979,1,3.5,5,4.25
TEA80,1980,2,7.440000191,TAL71,True yeld,9,1981,1,0,0,0
BON83,1983,2,6.379999619,TBONE,Milk,9,1984,1,1,1,1
WIG85,1985,2,6.180000095,TEA76,True yeld,9,1986,1,0,0,0
KIT96,1996,2,4.739999905,TER85,Milk,11,1997,1,0,0,0
FRE85,1985,2,5.899999809,THO78,True yeld,7,1986,1,0.5,0.5,0.5
FRE87,1987,2,6.440000191,THO78,True yeld,9,1988,1,1,1,1
FRE90,1990,2,6.810000095,THO78,Milk,12,1991,1,9,9,9
IDU84,1984,2,6.239999905,THO80,Summer yeld,4,1985,1,1,0.5,0.75
ATH85,1985,2,5.100000095,THO81,Naïve,4,1986,1,0,0,0
ATH91,1991,2,5.82,THO81,True yeld,10,1992,1,4,2,3
SUR86,1986,2,7.540000095,THO82,Naïve,4,1987,1,2.5,2.5,2.5
SUR94,1994,2,9.32,THO82,True yeld,12,1995,1,6,6,6
SUR97,1997,2,9.129999619,THO82,True yeld,15,1998,1,3,3,3
SOL89,1989,2,7.459999619,THO84,Summer yeld,5,1990,1,8,8,8
SOL93,1993,2,8.679999619,THO84,Summer yeld,9,1994,1,1,1,1
SOL94,1994,2,7.630000095,THO84,Milk,10,1995,1,2,2,2
SOL96,1996,2,8.14,THO84,True yeld,12,1997,1,6,6,6
SOL98,1998,2,8.020000381,THO84,True yeld,14,1999,1,7,7,7
TSL05,2005,2,,THS96,Summer yeld,9,2006,1,6,4,5
RAP98,1998,2,7.440000191,THU94,Milk,4,1999,1,0.5,0.5,0.5
RAP02,2002,2,7.800000381,THU94,True yeld,8,2003,1,0.5,0.5,0.5
LIL02,2002,2,,THU96,True yeld,6,2003,1,3,2.5,2.75
GYP05,2005,2,7.039999905,TIN00,Summer yeld,5,2006,1,7,6,6.5
GYP09,2009,2,7.080000191,TIN00,True yeld,9,2010,1,0.5,0.5,0.5
GYP11,2011,2,7.419999905,TIN00,True yeld,11,2012,1,0.5,0.5,0.5
TRX09,2009,2,6.310000095,TIN04,Naïve,5,2010,1,1.5,1.5,1.5
CND08,2008,2,7.120000191,TIN98,Milk,10,2009,1,2,2,2
TNY93,1993,2,7.260000191,TIT84,True yeld,9,1994,1,0.5,0.5,0.5
TNY94,1994,2,7.124999809,TIT84,Milk,10,1995,1,1,2,1.5
MTT06,2006,2,6.710000191,TNG99,True yeld,7,2007,1,2.5,2.5,2.5
ASP77,1977,2,6.28,TOR72,Summer yeld,5,1978,1,0,0,0
ASP83,1983,2,5.220000381,TOR72,Summer yeld,11,1984,1,0,0,0
TYS83,1983,2,6.419999905,TOR75,Summer yeld,8,1984,1,1,1,1
TYS85,1985,2,6.64,TOR75,Milk,10,1986,1,0,0,0
TYS89,1989,2,6.659999809,TOR75,True yeld,14,1990,1,1,1,1
TOR76,1976,2,6.959999619,TRN69,Milk,7,1977,1,0,0,0
TOR77,1977,2,6.740000191,TRN69,Milk,8,1978,1,0.25,1,0.625
TER75,1975,2,5.225000191,TRN72,Naïve,3,1976,1,1,1,1
PLO79,1979,2,5.239999905,TRN74,True yeld,5,1980,1,0.5,0.5,0.5
PLO84,1984,2,6.44,TRN74,True yeld,10,1985,1,2,3,2.5
TRN71,1971,2,4.680000095,TRNRI,Summer yeld,7,1972,1,5,5,5
TRN75,1975,2,4.64,TRNRI,Milk,11,1976,1,1,0.5,0.75
TRN77,1977,2,5.310000095,TRNRI,Summer yeld,13,1978,1,1,1,1
CHN05,2005,2,8.82,TRT97,Summer yeld,8,2006,1,1,1,1
PRC14,2014,2,5.295000095,TRT98,True yeld,16,2015,1,6,4,5
HAL88,1988,2,7.660000381,TUR83,Milk,5,1989,1,0,0,0
HAL96,1996,2,8.56,TUR83,Milk,13,1997,1,0.25,0.25,0.25
HAL98,1998,2,8.580000191,TUR83,True yeld,15,1999,1,1,1,1
MAS90,1990,2,7.609999809,TUR85,Naïve,5,1991,1,1,2,1.5
TOO00,2000,2,6.820000095,TUS96,Naïve,4,2001,1,2.5,2.5,2.5
CMA14,2014,2,7.240000191,TWX08,Naïve,6,2015,1,1,2,1.5
CUC87,1987,2,7.399999809,UMB80,True yeld,7,1988,1,3,3,3
MOY79,1979,2,6.580000191,UPR68,Milk,11,1980,1,2,2,2
BAR75,1975,2,6.959999619,UPR71,Naïve,4,1976,1,2,2,2
BAR76,1976,2,6.925,UPR71,Milk,5,1977,1,2,2,2
BAR77,1977,2,6.440000191,UPR71,Milk,6,1978,1,3,3,3
BAR82,1982,2,7.875000381,UPR71,Milk,11,1983,1,1,1,1
WHE79,1979,2,5.339999809,UPR74,True yeld,5,1980,1,0,0,0
UPR72,1972,2,7.47,UPRHI,Milk,10,1973,1,1,1,1
UPR75,1975,2,5.540000095,UPRHI,Milk,13,1976,1,1,1,1
UPR76,1976,2,7.180000095,UPRHI,Milk,14,1977,1,2,2,2
CUR81,1981,2,10.56,UPT74,Summer yeld,7,1982,1,5,5,5
CUR85,1985,2,7.080000191,UPT74,Milk,11,1986,1,0,0,0
AVO83,1983,2,5.839999809,UPT78,Milk,5,1984,1,5,5,5
AVO84,1984,2,8.500000191,UPT78,Milk,6,1985,1,2,2,2
AVO87,1987,2,6.2,UPT78,Winter yeld,9,1988,1,1,0.5,0.75
FLA88,1988,2,7.28,UPT79,Milk,9,1989,1,5,5,5
FLA93,1993,2,6.42,UPT79,True yeld,14,1994,1,1,1,1
UPT76,1976,2,6.755000191,UPTUR,Winter yeld,9,1977,1,0,0,0
FID84,1984,2,6.109999809,VER78,Winter yeld,6,1985,1,4,6,5
INI85,1985,2,6.92,VER79,True yeld,6,1986,1,0,0,0
BSG16,2016,2,8.14,VES10,Summer yeld,6,2017,1,3,3,3
BSG18,2018,2,6.925,VES10,True yeld,8,2019,1,4,3,3.5
VNG95,1995,2,7.160000381,VIN91,Naïve,4,1996,1,5,4,4.5
FDL97,1997,2,5.994999905,VIO89,Milk,8,1998,1,4,8,6
CLL07,2007,2,7.009999905,VIO96,True yeld,11,2008,1,0.5,0.5,0.5
CHF03,2003,2,7.899999809,WAG95,True yeld,8,2004,1,4,4,4
WRE03,2003,2,7.995000381,WAG96,True yeld,7,2004,1,7,6,6.5
PCN06,2006,2,4.650000191,WAL02,Naïve,4,2007,1,2.5,2.5,2.5
PCN15,2015,2,5.94,WAL02,Summer yeld,13,2016,1,9,10,9.5
CSH09,2009,2,5.44,WAL03,Winter yeld,6,2010,1,1,2,1.5
WAN87,1987,2,7.720000191,WAX80,Milk,7,1988,1,1,1,1
WAN89,1989,2,6.320000095,WAX80,True yeld,9,1990,1,1,1,1
WAN90,1990,2,9.2,WAX80,Milk,10,1991,1,1,2,1.5
DUN89,1989,2,6.32,WHA83,True yeld,6,1990,1,4,3.5,3.75
STO97,1997,2,6.965000095,WHA89,Milk,8,1998,1,4,6,5
WEE87,1987,2,7.32,WHE77,True yeld,10,1988,1,7,7,7
SEM90,1990,2,6.06,WHE84,True yeld,6,1991,1,2,3.5,2.75
SEM94,1994,2,7.419999905,WHE84,True yeld,10,1995,1,1,0.5,0.75
SML15,2015,2,7.210000191,WHF10,True yeld,5,2016,1,5,5,5
SML18,2018,2,7.225000191,WHF10,Summer yeld,8,2019,1,3,1,2
CAN85,1985,2,9.42,WHI73,Summer yeld,12,1986,1,2.5,2.5,2.5
WAX83,1983,2,7.159999809,WHI76,Summer yeld,7,1984,1,2,2,2
WHI72,1972,2,5.919999905,WHIGR,Naïve,3,1973,1,1,1,1
WHI77,1977,2,5.580000191,WHIGR,Milk,8,1978,1,0,0,0
BIL85,1985,2,6.599999619,WHO79,Milk,6,1986,1,0,0,0
WHF12,2012,2,7.38,WHZ02,True yeld,10,2013,1,1,4,2.5
KAN16,2016,2,4.169999809,WIC13,Naïve,3,2017,1,1,1,1
FTH05,2005,2,8.039999619,WSD00,True yeld,5,2006,1,1,1,1
FTH07,2007,2,8.160000381,WSD00,True yeld,7,2008,1,0.5,0.5,0.5
MEE06,2006,2,6.540000095,YEW99,Milk,7,2007,1,1.5,0.5,1
MEE08,2008,2,6.28,YEW99,True yeld,9,2009,1,0.5,1,0.75
MEL79,1979,2,6.78,YHO71,True yeld,8,1980,1,1,1,1
MEL83,1983,2,6.440000191,YHO71,Summer yeld,12,1984,1,1,1,1
MEL84,1984,2,4.720000191,YHO71,Milk,13,1985,1,0.5,1,0.75
MAC78,1978,2,7.354999809,YHO74,Naïve,4,1979,1,1,1,1
MAC81,1981,2,8.720000191,YHO74,Winter yeld,7,1982,1,1,1,1
BOO10,2010,2,6.024999905,YOG06,Naïve,4,2011,1,4,4,4
YOG08,2008,2,7.119999809,YOS01,True yeld,7,2009,1,2,2,2
YOG12,2012,2,8.68,YOS01,True yeld,11,2013,1,0.25,0.25,0.25
DOR75,1975,2,7.840000191,YTA72,Naïve,3,1976,1,1.5,0.5,1
DOR77,1977,2,8.380000381,YTA72,Summer yeld,5,1978,1,1,1,1
DOR80,1980,2,8.580000191,YTA72,True yeld,8,1981,1,2.75,4.25,3.5
DOR83,1983,2,6.1,YTA72,Milk,11,1984,1,1,1,1
THO77,1977,2,5.540000095,YTA74,Naïve,3,1978,1,1,1,1
THO83,1983,2,7.839999809,YTA74,Milk,9,1984,1,0.5,0.5,0.5
YTA71,1971,2,8.380000381,YTAGG,Summer yeld,5,1972,1,3,3,3
YTA76,1976,2,6.820000095,YTAGG,Milk,10,1977,1,1,1,1
YTA77,1977,2,8.780000191,YTAGG,Milk,11,1978,1,1,2,1.5
